{
    "init_time": "2025-01-15 12:55:17",
    "total_time_secs": 40.574989,
    "timing_secs": {
        "setup": 0.19355,
        "test_prediction": 0.005323,
        "compute_vS": 40.3721,
        "shapley_computation": 0.004016
    }
}