{
    "init_time": "2025-01-15 13:51:48",
    "total_time_secs": 663.315058,
    "timing_secs": {
        "setup": 0.205914,
        "test_prediction": 0.075923,
        "compute_vS": 662.987145,
        "shapley_computation": 0.046076
    }
}