{
    "init_time": "2025-01-15 12:25:11",
    "total_time_secs": 41.410838000000005,
    "timing_secs": {
        "setup": 0.190625,
        "test_prediction": 0.005253,
        "compute_vS": 41.210914,
        "shapley_computation": 0.004046
    }
}